{
  "routes": [
    {
      "path": "/webapp/resources",
      "target": {
        "type": "service",
        "name": "sapui5",
        "entryPath": "/resources",
        "version": "1.52.16"
      },
      "description": "SAPUI5 Resources"
    },
    {
      "path": "/webapp/test-resources",
      "target": {
        "type": "service",
        "name": "sapui5",
        "entryPath": "/test-resources",
        "version": "1.52.16"
      },
      "description": "SAPUI5 Test Resources"
    },
    {
      "path": "/resources",
      "target": {
        "type": "service",
        "name": "sapui5",
        "entryPath": "/resources",
        "version": "1.52.16"
      },
      "description": "SAPUI5 Resources"
    },
    {
      "path": "/test-resources",
      "target": {
        "type": "service",
        "name": "sapui5",
        "entryPath": "/test-resources",
        "version": "1.52.16"
      },
      "description": "SAPUI5 Test Resources"
    },
    {
      "path": "/C4C_ML",
      "target": {
        "type": "destination",
        "name": "C4C_ML"
      },
      "description": "Service Destination using ML"
    },
    {
      "path": "/mobileservices",
      "target": {
        "type": "destination",
        "name": "mobileservices"
      },
      "description": "SAP mobile services"
    }
  ],
  "welcomeFile": "/webapp/index.html",
  "sendWelcomeFileRedirect": true
}