{
    "application": {
        "id": "",
        "title": "com.sap.demo.LeadsClassification.LeadsClassification",
        "description": "Leads Classification",
        "type": "SAP_UI5_Component",
        "componentUrl": "/",
        "appUrl": "#LeadsClassification-Display",
        "navigationComponentName": "com.sap.demo.LeadsClassification",
        "intentSemanticObject": "LeadsClassification",
        "intentAction": "Display",
        "html5ApplicationName": "leadsclassification",
        "HCPParentApplicationName": ""
    },
    "assignment": {
        "groups": [
            "7dba497f-33f7-4156-84fd-1c55f50cdbce-1485248458454"
        ],
        "contentPackages": [
            "260ba637-1be5-4ef4-8db8-348f41857727-1485356485768"
        ],
        "categories": []
    },
    "tile": {
        "type": "StaticTile",
        "title": "C4C Leads Classification",
        "subtitle": "Leads Classification Using ML",
        "searchKeywords": "C4C Leads Classification,Leads Classification Using ML",
        "displayIconUrl": "sap-icon://approvals",
        "displayInfoText": "",
        "size": "1x1",
        "serviceURL": "",
        "refreshInterval": ""
    }
}