{
  "welcomeFile": "/webapp/index.html",
  "routes": [
    {
      "path": "/resources",
      "target": {
        "type": "service",
        "name": "sapui5",
        "entryPath": "/resources"
      },
      "description": "SAPUI5 Resources"
    },
    {
      "path": "/test-resources",
      "target": {
        "type": "service",
        "name": "sapui5",
        "entryPath": "/test-resources"
      },
      "description": "SAPUI5 Test Resources"
    },
     {
      "path": "/C4C_ML",
      "target": {
        "type": "destination",
        "name": "C4C_ML"
      },
      "description": "Service Destination using ML"
    }
  ],
  "sendWelcomeFileRedirect": true
}